{
  "project_info": {
    "project_number": "1057176319998",
    "firebase_url": "https://android-tic-tac-toe.firebaseio.com",
    "project_id": "android-tic-tac-toe",
    "storage_bucket": "android-tic-tac-toe.appspot.com"
  },
  "client": [
    {
      "client_info": {
        "mobilesdk_app_id": "1:1057176319998:android:3c4aba342e3c5220",
        "android_client_info": {
          "package_name": "com.example.david.androidtictactoe"
        }
      },
      "oauth_client": [
        {
          "client_id": "1057176319998-egljis73gdvu9q5sgmlt0o8trip65ugt.apps.googleusercontent.com",
          "client_type": 1,
          "android_info": {
            "package_name": "com.example.david.androidtictactoe",
            "certificate_hash": "43ca60bd9d69f818b75ad1cd02f4da32d12bc8e4"
          }
        },
        {
          "client_id": "1057176319998-c9a4mj84a5k49o1toqq8buf8l9cg2ii0.apps.googleusercontent.com",
          "client_type": 3
        }
      ],
      "api_key": [
        {
          "current_key": "AIzaSyAi9gI6YE0-NNLw8FHYZKLQYhOI07FzHi0"
        }
      ],
      "services": {
        "analytics_service": {
          "status": 1
        },
        "appinvite_service": {
          "status": 2,
          "other_platform_oauth_client": [
            {
              "client_id": "1057176319998-c9a4mj84a5k49o1toqq8buf8l9cg2ii0.apps.googleusercontent.com",
              "client_type": 3
            }
          ]
        },
        "ads_service": {
          "status": 2
        }
      }
    }
  ],
  "configuration_version": "1"
}